{"cameraMode":{"drawMode":0,"name":"Shaded","section":"Shading Mode"},"sceneLighting":true,"audioPlay":false,"sceneViewState":{"showFog":true,"showMaterialUpdate":false,"showSkybox":true,"showFlares":true,"showImageEffects":true,"showParticleSystems":true},"in2DMode":false,"pivot":{"x":-3.3954498767852785,"y":4.0737762451171879,"z":5.444283485412598},"rotation":{"x":-0.09499553591012955,"y":-0.8721415996551514,"z":0.187545046210289,"w":-0.44180697202682497},"size":0.6073950529098511,"orthographic":false}