{"cameraMode":{"drawMode":0,"name":"Shaded","section":"Shading Mode"},"sceneLighting":false,"audioPlay":false,"sceneViewState":{"showFog":true,"showMaterialUpdate":false,"showSkybox":false,"showFlares":true,"showImageEffects":true,"showParticleSystems":true},"in2DMode":false,"pivot":{"x":-1.9865989685058594,"y":1.6465812921524048,"z":12.844162940979004},"rotation":{"x":-0.11357475817203522,"y":-0.35308003425598147,"z":0.04320279508829117,"w":-0.9277053475379944},"size":0.4330126941204071,"orthographic":false}