{"cameraMode":{"drawMode":0,"name":"Shaded","section":"Shading Mode"},"sceneLighting":false,"audioPlay":false,"sceneViewState":{"showFog":true,"showMaterialUpdate":false,"showSkybox":false,"showFlares":true,"showImageEffects":true,"showParticleSystems":true},"in2DMode":false,"pivot":{"x":-0.8585634231567383,"y":0.09166060388088227,"z":0.21492837369441987},"rotation":{"x":-0.07346998900175095,"y":0.8770530819892883,"z":-0.1422673463821411,"w":-0.4529295861721039},"size":0.9273645877838135,"orthographic":false}